c1738;c1655;c771;c2032;c671;c1448
79;0;63.45;478.5;236.75;68.1249999999965
1;50;230.25;783;10;0.875
45.4083333333308;0;0;453.416666666667;249;0
14;128;48;0;246.708333333332;0
89.7;238;0;492.249999999993;237;8.71249999998576
95.65;266.791666666626;79.1458333333032;514.083333333322;70.4166666666597;55.1374999999986
183.512499999997;486.208333333333;274.116666666667;867.629166666632;336;144.35
46;220.083333333322;213;336;574;27
3.7;208.041666666663;403.783333333333;171.7;3;132
92.7083333333322;304.583333333304;225.174999999998;351.7;379;178
168.027083333334;222.708333333331;292.170833333247;417.76249999997;267;247
47.4395833333271;97.5833333333333;226;152;119.920833333318;159
15;0;58;25.4291666666664;83.3;88
20.8;0;0;386.958333333324;365.7;15
0;0;6.85;209.849999999988;198.587499999998;3
151.745833333322;0;35.8;123.577083333334;237.67499999997;43
155.666666666655;0;170;104;275.7;269.416666666609
123.316666666667;0;100.358333333333;0;318.166666666643;605.208333333316
132.75;0;234.266666666667;163;74.8;350.375
86;0;71.3166666666667;292.124999999969;21.85;67
252.416666666664;0;82.541666666666;235.29166666664;10.7083333333322;244.124999999997
3.05624999999982;0;29.875;56.6;0;86.875
184.166666666663;0;119.7;255.383333333318;208.25;546.833333333329
504.387499999993;0;304.208333333326;37;322.85;91.1666666666667
0;0;0;0;0;21
148.8;0;91.5;294;25.9;0
57.7;0;67;464.512499999991;203.141666666653;20
22.495833333327;0;81.9062499999995;193;315.899999999978;2
74.35;0;420.020833333333;0;631.499999999985;288.333333333287
109.2;0;82;898.833333333322;0;336.666666666667
16;0;142.749999999979;0;409.045833333334;55
229.5;0;144.249999999996;315.833333333329;415.833333333325;20
236.362499999981;0;0;348.791666666667;2;83
131.033333333318;0;937.124999999884;28;166;85
69.7749999999999;0;91.1791666666659;0;71.181249999999;0
34.0437499999987;0;105;158.770833333333;410.829166666662;23
8.73541666666667;0;133.8;152.583333333331;232.841666666656;0
10.1;0;143.7;262;63.1;0
140.361666666661;0;97.7041666666536;518.1;76.3;0
98.9583333333333;0;88.6958333333333;164;141.833333333323;18.3541666666661
159.249999999996;0;390.520833333329;395.37499999999;560.124999999996;114.145833333333
99.3437499999823;0;427.54583333333;1746.4583333333;81.7249999999965;229
135.477083333326;0;217.133333333333;29.2;251;191
205.970833333317;0;352.508333333304;399.875;181.441666666667;124
145.864583333331;0;329.612499999979;144.875;57;121.224999999983
110.460416666666;0;484.804166666649;887;241;176.708333333287
51.772916666666;0;396.812499999974;681;122;339.666666666667
29.2104166666667;0;276.687499999997;497;413.208333333333;97
34.3;0;357.141666666655;333;42.0416666666667;0
16.3499999999972;0;78.4333333333333;585.083333333322;49.0041666666647;49.3333333333148
38.2333333333329;0;234.6;797.69999999978;134.229166666645;4.66666666666667
22.5166666666667;0;73.8;767.816666666667;106.866666666667;40
80.6583333333168;0;261.779166666663;338;121;370
92.0229166666589;0;515.520833333319;842;277.620833333332;105
270.076666666664;0;347.099999999981;576;112.979166666667;292
199.506249999978;0;130.479166666654;410;181.59583333333;358
193.916666666667;0;326.820833333333;502.333333333287;140.275;332.437499999988
109.218749999999;0;576.008333333318;555.249999999975;342.629166666667;192.0625
14.9583333333315;0;531.433333333319;204.416666666667;195.804166666651;183.233333333287
43.7520833333333;0;436.545833333328;495;199.395833333333;556.666666666667
5.75;0;251.6125;601;96.9291666666501;0
4.55;0;22.7;262;9.17083333333333;0
5.79791666666488;0;0;241.666666666657;101.3;0
42.1458333333155;0;0;52.2333333333333;115.57499999999;114.166666666644
70.7479166666637;0;0;109.5;192.025;615.833333333333
152.783333333332;0;0;540.649999999993;139.7;281.208333333235
210.142499999995;0;123.7;536.087499999988;50.4;300.791666666667
96.8899999999998;0;219.024999999997;234.6625;88.7;92.5
160.195833333325;0;632.833333333311;377.2;206.541666666666;82.0749999999646
96.6791666666641;0;333.383333333333;74.3;285.058333333333;88.6333333333099
92.9166666666592;0;290.720833333329;64.2;104.3;296.787499999963
54.9958333333334;0;162.57083333327;322.041666666633;43.7;50.5041666666667
3.05;0;72.0666666666667;636.658333333333;422.708333333299;159.5
13.6;0;254.5;643.3;91.5;0
39.7;0;267.2;228.2;146.24583333333;202.387499999967
36.2395833333327;0;122.929166666586;144.666666666657;172.733333333332;45.249999999974
102.508333333321;0;422.070833333333;137.933333333333;277.462499999997;209.9625
160.947916666639;337.020833333282;248.883333333333;330.4;233.206249999971;418.637499999977
258.416666666662;486.170833333304;230.216666666667;538.191666666646;166.352083333333;72.8625
227.252499999991;545.445833333316;152.2;229.008333333333;0.8;130.4
167.027083333333;238.0625;388.962499999979;159.5;23.4;261.299999999986
115.099999999999;161.499999999989;292.329166666632;176.1;29.3;260.470833333319
110.735416666667;107.9;400.312499999965;258.6;277.35;581.429166666667
45.7875;86.7;309.995833333333;308.5;45.55;106
17.9;82.7;141.720833333323;419.8;66.2624999999983;0
13.8562499999999;18.3;134.679166666667;302.5;31.2375;0
63.39375;105;0;84.3;98.3;32
55;143.737499999985;134.816666666664;346.7;110.839583333332;123
98.5583333333255;243.64166666666;385.074999999987;390.2;91.3666666666651;391.416666666637
180.457083333325;226.99166666665;385.608333333333;436.387499999981;50.2416666666649;372.583333333333
153.043749999994;303.770833333322;208.824999999999;311.7125;11.8020833333333;239
216.862499999991;427.474999999992;484.43749999999;286.7;115.129166666654;12
164.541666666664;261.883333333333;360.345833333332;370.8;94.9708333333333;2
108.808333333332;154.433333333329;797.241666666638;184.3;147.024999999998;0
104.782083333329;123.866666666667;385.35;287.3;231.781249999994;0
17.535416666664;106.5;278.224999999994;179.1;26.7708333333275;169
59.4708333333333;85.1;149.375;39.3499999999986;146.572916666667;82
1.25;0.3;63.9999999999861;63.9458333333186;59.35;0
17;29.2;188.9;39.9041666666667;56.1062499999998;0
38.1354166666638;24.137499999999;154.445833333314;2.1;33.14375;40
133.702083333328;211.583333333312;263.954166666667;48.7;135.052083333303;60
202.268749999997;226.179166666667;389.758333333325;80.5624999999983;54.2479166666665;268
152.577083333332;311.283333333333;260.662499999998;54.5375;122.4;425
176.395833333323;363.266666666651;211.866666666661;24.1;88.8479166666621;144
103.566666666665;251.4625;395.795833333333;259.191666666626;225.766666666653;494.624999999983
148.022916666657;227.9875;633.024999999982;158.008333333333;108.981249999992;459.175
95.5875;115.733333333329;634.079166666648;328.7;171.172916666664;463.749999999896
88.2020833333252;141.166666666667;424.099999999998;151.3;267.172916666664;387.25
25.8416666666667;80.2874999999976;352.287499999981;216.2;102.499999999992;11
14.75;41.9999999999976;340.525;361.6;45.3541666666547;0
29.0708333333332;79.3916666666654;116.508333333332;241.3;161.304166666667;0
62.8916666666649;86.1208333333334;223.491666666667;0;87.2874999999948;0
68.8466666666536;187.3;0;242.149999999979;127.566666666659;76
228.841666666664;0;353.345833333287;715.98749999996;226.795833333333;258
177.189583333319;291.199999999992;307.399999999964;366.266666666648;90.3479166666565;81
223.139166666647;228.995833333333;249.07916666666;201.595833333333;53.4520833333333;57.2499999999931
129.366666666658;272.637499999945;459.775;540;85.2062499999998;66.75
130.122916666664;239.562499999982;583.270833333261;351.7;230.99375;69
107.122916666666;193.804166666667;630.266666666649;377.7;246.099999999988;100.166666666616
47.8229166666667;128.733333333318;237.237499999998;195.7;149.908333333332;197.374999999966
3;18.5666666666667;117.170833333331;132.4;16.1916666666666;53.4583333333333
8.4;71.9;105.758333333329;343.524999999966;71.4;0
12.9;36.7916666666651;69.2958333333333;218.433333333284;55.8;3
83.4187499999898;155.208333333333;135.741666666666;304.341666666667;51.25;2.8333333333287
78.668749999999;249.8;430.616666666647;276;81.3499999999957;207.708333333272
176.937499999997;354.245833333328;326.441666666625;318.224999999955;89.5;185.458333333333
236.191666666651;411.287499999979;251.037499999993;589.98749999995;65.65;155
169.304166666667;266.1375;306.3625;645.304166666623;16.5;32
95.5291666666666;305.829166666667;338.183333333333;354.883333333333;0;177
31.2708333333305;186.679166666646;454.733333333323;56.6;46.15;124.166666666644
32.041666666665;122.558333333332;756.620833333321;245.2;124.55;466.624999999959
32.4999999999983;45.3749999999997;367.8625;102.2;31.8;62.2083333333333
12.9375;81.7583333333332;0;194.7;38.15;20
0;3.92916666666667;94.9;524.549999999937;0.05;0
14.5208333333304;91.7;53.2;229.75;0;0
28.9791666666667;66.2833333333273;210.84999999999;254.4;0;0
22.25;161.062499999998;309.699999999937;380.762499999984;45.3812499999991;89
88.7166666666645;279.833333333324;227.05;352.574999999999;51.8812499999985;73
97.9791666666616;322.724999999987;273.949999999996;256.558333333271;88.7999999999955;89
250.649999999997;432.395833333333;307.541666666662;846.02916666663;17.5583333333207;19
207.794999999991;466.799999999964;72.9083333333333;708.175;21.2333333333328;48
121.634166666667;200.3;328.154166666619;320.399999999994;155.095833333334;273.083333333322
100.354999999997;127.287499999998;433.449999999981;602.099999999986;56.35;164.916666666667
21.3;93.6749999999955;396.883333333328;95.8333333333148;83.3;85
0;20.6375;149.8125;229.066666666667;80.3;0
23.8;30.4;50.6;286.7;69.2;0
13.3349999999993;26.5916666666512;128.024999999999;309.7;19.85;0
11.9895833333278;89.5083333333333;321.575;194.3;31.8979166666649;10
117.960416666667;223.9;281.33749999998;276.5;0.452083333333334;143
84.449999999993;234.545833333306;426.22916666663;385.8;0;126
88.2187499999995;235.954166666667;258.479166666648;517.7;0;157
222.306249999975;474.129166666656;122.595833333333;215.46666666663;0;66
210.575;312.724999999997;462.758333333333;462.933333333333;56.55;88
127.9;276.949999999992;336.78333333328;292.5;30.7083333333322;154.416666666664
57;149.495833333333;330.816666666667;344.933333333265;61.8416666666666;221.583333333333
51.8;101.341666666658;256.737499999949;439.566666666667;171.05;106
12.3;47.7416666666606;154.2625;184.3;118.620833333333;15
36.6124999999982;85.0708333333327;117.5;315.445833333306;61.2999999999999;0
6.9375;18.1458333333333;62.1;300.154166666667;55.0854166666665;0
134.610416666661;235.154166666661;216.724999999999;222.9;71.1374999999946;120.083333333322
141.831249999999;292.037499999985;351.075;577.4;125.143749999991;111.916666666667
168.579166666661;260.008333333333;321.7;1074.7;56.8625;328
237.839583333328;355.9;189.666666666652;619.454166666583;49.477083333333;56
238.606249999994;437.141666666653;141.333333333333;885.862499999984;12.5729166666667;0
151.443749999994;326.379166666665;284.941666666664;239.283333333333;100.545833333331;0
150.867499999993;182.00416666666;532.933333333287;141.7;152.554166666667;121
88.7270833333334;199.833333333325;463.79999999999;219.979166666638;116.768749999997;75
98.5999999999918;129.141666666667;554.608333333333;227.320833333333;111.63125;228
20.15;75.5;225.816666666667;102.5;114;93
10.4395833333327;38.3499999999986;62.8249999999938;474.8;103.922916666663;5
22.7654166666666;73.9958333333228;210.075;322.9;124.997083333334;43
53;111.054166666667;187.854166666666;192.3;124.429166666659;30
96.9041666666647;215.683333333333;363.04166666666;311.524999999885;134.170833333333;76
249.34374999999;468.962499999951;277.504166666667;506.158333333294;109.5;209
125.364583333333;345.287499999973;354.129166666661;507.299999999919;10.2;83
200.681249999999;511.895833333297;219.554166666633;143.816666666667;17.15;40
247.845833333331;375.224999999999;446.224999999999;197.2;39.7;142.416666666664
95.0104166666665;175.266666666665;342.645833333333;80.8916666665706;80.95;123.583333333333
90.5583333333225;220.179166666667;449.712499999977;410.18749999994;36.8437499999863;498.208333333318
66.0916666666666;90.1;240.133333333333;137.120833333333;75.30625;119.791666666667
21;64;268.2;664.241666666647;8.1;14
42.4;48.1;83.3;387.958333333333;0.7;0
1.69166666666643;9.93749999999062;83.8583333333308;184.2;21.25;35
37.6583333333333;102.3625;305.216666666665;0;91.3;68
129.5;216.308333333329;407.625;544.7;170.914583333296;134.958333333325
129.549999999995;308.633333333333;467.545833333251;705.333333333243;283.735416666667;163.041666666667
211.672916666663;338.458333333333;412.770833333328;652.666666666667;90.75;140
105.081249999999;178.579166666665;319.933333333318;425.6;249.562499999977;81.3
42.4124999999977;280.016666666655;371.65;245.5;82.1875000000001;289.499999999958
44.0833333333333;227.258333333333;415.616666666664;310.9;101.618749999988;141.5
59.7874999999975;139.295833333332;411.283333333333;264.8;265.692083333295;212
34.4125;55.35;271.7;324.5;15.3041666666666;46
12.3;59.7;180.2;536.7;48.25;45
6.9;19.0458333333256;164.5;535.941666666641;0.45;0
43.35;195.658333333312;366.4;386.558333333333;65.7208333333291;20
31.3083333333322;41.637499999997;308.512499999939;161.8;99.9145833333289;68
51.6416666666665;218.058333333333;463.4875;546;206.364583333333;107.124999999997
103.812499999992;325.262499999993;502.191666666657;818.533333333273;333.110416666624;379.875
116.5375;238.062499999999;264.112499999984;522.529166666582;84.4812499999984;216.583333333308
92;502.008333333326;259.995833333333;202.9375;29.6583333333333;283.416666666667
84.6;253.449999999988;348.920833333304;0;80.05;87
0;304.916666666667;419.779166666667;371.708333333304;73;89
0;116.124999999997;436.5;152.45833333331;53.3;240
41.65;118.875;0;60.8333333333333;26.65;148
26.5;112;0;194;65.05;9
10.75;36.2;184.541666666666;231.91666666665;69.4479166666662;5
23.4;101;195.358333333333;593.083333333333;97.1020833333334;0
4.05;106.708333333332;254.108333333321;78;93.2354166666624;0
40.7229166666642;197.041666666646;397.091666666667;383.416666666609;174.214583333333;214.708333333304
95.3770833333335;441.874999999983;195.066666666666;405.583333333333;115.75;117.708333333331
0;216.66666666664;358.733333333333;67;5.75;120.583333333333
142.41041666666;500.874999999977;159.4;349.9;6.37083333332905;25
93.1416666666645;370.958333333302;162.274999999931;131.070833333325;30.4562499999997;54.8333333333287
28.8979166666666;202.24999999999;625.825;61.4291666666528;168.158333333329;96.1666666666667
29.7041666666661;184.625;328.016666666637;861.583333333322;174.091666666665;180.083333333322
25.0624999999991;81.1249999999965;340.308333333313;758.708333333321;227.80625;72.9166666666667
6.23333333333334;34.875;36.775;558.208333333333;14.2166666666666;25
7.8749999999993;14.5416666666609;65.3833333333301;223.541666666661;166.45416666664;5
32.725;79.4583333333333;167.616666666667;640.291666666606;176.245833333334;36
86.9999999999986;98.9583333333252;135.391666666662;387.33333333331;144.741666666654;43
115.402916666659;268.874999999995;320.154166666615;610.999999999977;119.058333333333;180.624999999983
240.181249999968;327.999999999995;358.554166666667;552.33333333332;104.981249999999;251.458333333322
209.206249999988;595.249999999988;174.9;824.583333333322;3.71875;28.9166666666667
313.764583333333;451.874999999992;427.1;1061.33333333328;70.95;90
90.9;267.041666666667;396.779166666657;468.583333333333;63.5;89.4583333332836
50.8145833333165;135.708333333304;360.120833333333;550;187.35;156.541666666667
50.1854166666666;201.291666666667;460.6;121;66.1;325
25.3812499999991;177.833333333329;377.083333333291;204;44.55;105.249999999993
34.81875;73.1666666666667;386.716666666667;149;51.8;184.75
13.1;101;374.1;422;67.5749999999827;0
83.55;111;420.92916666665;738.541666666661;220.575;2
55.8;116.833333333329;178.649999999996;521.458333333333;152.004166666648;100
118.391666666663;309.374999999985;464.474999999994;630.999999999917;245.754166666663;202
63.422916666661;345.541666666646;356.354166666635;1083.24999999997;140.147916666644;171.91666666665
88.7916666666625;308.333333333322;446.633333333333;948.75;107.45416666666;245.083333333333
90.3812499999975;310.416666666653;371.558333333333;283;105.139583333334;64
33.0125;270.249999999979;331.308333333329;190.249999999965;110.145833333326;280.708333333304
71.4;208.25;560.262499999969;559.208333333311;156.368749999993;428.45833333331
77.277083333333;232;460.533333333326;271.541666666667;168.385416666667;387.833333333333
26.8499999999997;150.333333333315;366.683333333223;339;193.085416666629;328.083333333322
9.27291666666665;53.6666666666667;231.0125;273;109.306249999999;32.9166666666667
17.3979166666635;49.2083333333183;64.9416666666637;318;58.6208333333135;0
13.0520833333333;86.2083333333032;148.658333333333;397;68.9875;0
25.55;126.583333333333;194.0125;433;17.35;38
28.45;180;270.508333333329;186;100.16875;52
125.397916666665;463.124999999997;533.766666666653;735;204.783333333307;219
100.502083333334;221.666666666654;444.662499999951;531.541666666661;179.697916666667;92
120.870833333333;326.208333333333;241.695833333312;341.458333333333;155.689583333333;101
140.564583333332;328;480.341666666622;349.791666666515;133.5875;125.708333333304
82.2145833333335;244.249999999993;395.166666666638;490.208333333333;218.358333333333;118.291666666667
57.1;237.166666666664;600.545833333333;227;0.0145833333333333;263.583333333252
31.0208333333332;163.791666666652;301.954166666647;52;0;255.958333333328
33.9791666666667;97.7916666666667;235.845833333333;540.333333333287;35.1020833333324;19.4583333333333
3.7;15;124.2;601.791666666635;46.0979166666667;0
3.15;30;47.1249999999993;234.875;53.05;0
13.25;100;290.075;81;85.1;61
47.1541666666661;204.791666666654;222.583333333319;222;51.6499999999915;3
87.8062499999965;359.583333333323;513.545833333328;640.916666666623;85.6687499999995;204
89.456249999984;381.124999999986;280.170833333333;424.083333333306;37.98125;37
97.5333333333335;320.749999999965;693.4;244;79.05;146.368749999988
135.4;335.75;111.30416666664;106;14.4;39.8333333333287
83.75;264;444.579166666661;240;58.9;45.7499999999792
43.843749999996;174.124999999997;682.987499999989;87;73.712499999983;419.916666666665
68.5166666666615;175.24999999999;283.070833333328;264.416666666581;76.0270833333315;162.8
28.8395833333334;168.625;228.058333333333;232.366666666655;23.1604166666666;29
4.95;14;111.312499999986;540.208333333279;0;4
17.475;5;60.3875;434.708333333333;50.55;79.5833333333333
77.891666666654;180.249999999993;195.120833333301;134.124999999969;98.5416666666485;58.108333333333
102.618749999993;241.12499999999;442.633333333333;405.749999999976;70.8083333333335;7.5
168.287916666665;399.708333333322;351.654166666618;619.125;159.11874999998;388.941666666664
185.273333333316;506.74999999994;201.991666666667;356;147.08125;171.122916666639
206.110416666665;284.166666666667;172.8;417.208333333291;14.65;29.9
255.103333333329;339.666666666657;379.954166666594;98.5833333333206;1.95;522.833333333265
137.559583333334;239.333333333333;434.745833333333;191.999999999987;78.8;273
58.1624999999997;160.666666666657;422.6;732.541666666648;66.6;241
49.9687499999991;168.166666666662;310.9;465.666666666667;0;93.1
10.66875;77.1666666666667;114.549999999999;729.416666666581;0;120.7
2.6;0;25.2749999999993;756.583333333333;0;0
9.9541666666661;17;102.791666666664;496;0;11.3333333333333
69.9220833333297;108.541666666661;261.249999999996;468;0;112.520833333318
75.2349999999985;217.416666666659;476.729166666666;620.124999999913;0;41.8541666666661
202.210416666665;267.874999999995;589.816666666666;1026.87499999989;0;640.254166666567
139.218749999999;259.41666666666;492.9875;472.499999999958;0;511.166666666661
214.966666666659;431.75;199.354166666666;233.5;0;132.9
169.135416666666;345.333333333315;300.645833333333;553.791666666626;74.2;84
119.916666666658;253.666666666667;293;268.208333333333;34.45;334
71.7541666666656;143;603.24999999999;437;0;84.7083333333322
52.1416666666665;114.416666666664;469.945833333277;692;0;278.749999999965
23.4;53.5833333333333;205.904166666667;608.499999999986;0;435.249999999965
0;17;55.6;528.5;0;0
21.4562499999956;116;92.5;381;0;0
32.0041666666618;121.833333333329;333.2;197.541666666661;0;39.1333333333334
63.8604166666666;200.166666666667;452.341666666661;219.458333333333;47.5312499999838;343.37499999999
257.49583333332;329.874999999976;443.60833333331;602.958333333325;126.795833333333;292
234.358333333334;645.749999999983;108.987499999993;400.499999999867;27.4854166666663;94.5416666666667
137.285;399.375;419.0625;382.541666666667;57.5875;10.5
105;339.499999999986;284.2;171;20.9;6
57.1958333333255;264.041666666661;612;564;64.4645833333305;425.437499999998
63.3083333333313;168.458333333333;476.474999999981;554;106.185416666639;121.875
67.0958333333333;150.249999999993;455.391666666605;125;82.65;107
12.9916666666665;42.2083333333113;171.333333333333;146.583333333308;28.3;69.6333333333293
31.9583333333333;93.5416666666667;156.1;509.416666666639;26.2;22.95
67.170833333329;87;49.2708333333332;167;10.4395833333327;208
68.6791666666666;58.9583333333252;153.429166666667;720.249999999882;62.5604166666665;105
145.531249999985;340.374999999981;407.066666666666;567.624999999976;85.4;84.1749999999979
261.706249999996;401.666666666667;384.29999999996;557.125;127.55;176.38749999995
129.685416666664;450.958333333325;516.933333333333;60;72.40625;83
113.797916666664;321.416666666628;208.208333333329;63.0833333333218;22.49375;37
136.437499999996;284.749999999997;297.14166666664;55.9166666666667;44.7;12
91.1416666666667;290.875;483.23333333333;161;93.55;56
95.6833333333285;165.083333333322;442.158333333314;161.999999999972;115.5;112
51.7166666666666;118.916666666667;419.458333333333;141;85.4;0
3.6;48;91.1;523;36.05;19.15
32.75;114.124999999997;127.016666666637;344;27.2999999999986;2.3
2.75;28.875;113.783333333319;610;23.2;208
101.062499999998;249;324.9;208;56.899999999972;28.8666666666667
147.2875;237.124999999997;261.466666666657;255.416666666609;81.672916666664;218.083333333322
109;299.999999999997;528.724999999946;210.583333333333;140.495833333333;154.012499999991
268.693749999965;406.124999999993;468.008333333333;630;51.38125;0
125.108749999997;381.833333333238;243.3;149;0;145
131.3875;387.916666666667;349.820833333329;321;39.65;27
86.6124999999996;279.124999999997;384.56666666665;516;61.44583333332;238
51.1375;201.875;688.737499999999;192;55.8041666666665;66.0895833333326
56.25;161;431.1875;756.958333333325;117.4;153.629166666667
30.25;42.8333333333287;340.941666666661;292.041666666667;44.15;78.7
0;8.16666666666667;123.745833333333;478;111.45;69.2166666666505
14.45;21;6.9;295;31.6;11.3333333333333
41.424999999991;178.749999999979;220.691666666665;512.791666666598;98.7166666666505;23
69.2999999999965;195.874999999983;348.174999999977;755.208333333333;218.333333333334;218.583333333333
124.539583333328;252.124999999979;588.42499999989;1002.62499999995;0;16.7770833333333
100.706249999993;435.583333333315;210.508333333333;1116.375;0;87.1666666666435
56.549999999997;246.374999999999;368.883333333319;367;0;36
84.5291666666665;428.124999999995;579.495833333329;495.458333333311;0;132
64;272.958333333321;607.595833333329;151.37499999994;0;174.675
57.5374999999879;113.874999999991;599.608333333316;400.583333333331;190.745833333327;133.383333333333
37.5625;143.333333333333;163.166666666663;208.124999999994;39.2541666666666;378.083333333333
28;0;231.05;469.958333333319;0;12
7.6;28;135.7;939.5;0;5.5
4.6;76;253.1;516.083333333322;0;79.5833333333333
15.35;47;230.049999999988;247.916666666667;0;29.1083333333322
34.15;184.708333333304;505.316666666644;308;0;80
77.2;338.291666666667;495.679166666626;439.249999999937;15.5;75.5499999999997
166.499999999996;0;254.795833333325;573.416666666574;24.3;243.124999999994
118.056249999997;448.208333333318;489.433333333315;950.333333333333;46.1;211.866666666661
56.816666666653;233.791666666667;472.712499999992;758;0;208.291666666667
64.0770833333335;299.249999999993;260.574999999998;760.416666666525;26.6;276.708333333323
52.9624999999942;174.374999999983;598.070833333318;355.583333333333;39.75;22.2499999999931
101.2875;217.916666666605;574.799999999998;178;68.8;0
8.65;55.4583333333333;90.8666666666666;216;5.9;49.5833333333079
7.7;99;199.562499999982;752.124999999941;76.45;57.3
2.5;45.0833333333218;283.954166666656;373.475;4.6;11
36.4645833333251;160.041666666663;490.958333333326;208;93.464583333332;3.41666666666435
59.7604166666632;232.416666666661;250.508333333333;703.208333333263;140.477083333327;251.637499999986
82.625;177.999999999994;260.916666666667;234.791666666667;113.758333333333;93
103.9;455.291666666634;249.520833333326;363;86.2020833333325;110.787499999978
76.508333333332;290.166666666667;150.279166666667;275.833333333301;8.44791666666665;10
109.741666666667;382;483.6;343.874999999971;45;26.7
0;231.124999999997;349.541666666666;141.291666666667;49.3;198.083333333322
0;131.875;372.295833333313;155;78.35;286.58333333333
23.55;72;314.7625;30;0;257
0.75;55;225.6;455;44.3;0
2.05;5;28.1;501;8.05;7.66666666666667
17.9;88;26.7958333333325;426;25.95;208
53.5;271;217.112499999999;424;48.9;0
96.15;373.333333333315;259.216666666627;827;173.443749999996;97
126.966666666666;296.749999999988;672.683333333302;517.541666666633;87.05625;154.172916666666
95.6562499999975;301.999999999988;342.533333333328;814.374999999984;49.55;26
118.862499999999;493.374999999978;336.949999999996;494.083333333333;73.449999999996;47.1666666666667
65.222916666664;244.208333333296;308.454166666623;365;76.30624999999;25
21.7916666666667;211.333333333333;506.662499999993;378;30.84375;189.708333333277
40.15;176;484.941666666612;145;101.75;197.15
58.8791666666625;153;551.279166666658;439;70.770833333333;43
33.6708333333333;215;260.170833333333;518;34.1791666666667;35
0;33.4166666666644;55.7;763;23.1;6.2
14.7;66.8333333333264;235.995833333313;494;90.3395833333255;0
39.15;188.291666666661;406.604166666667;453.083333333322;71.8104166666665;0
87.4499999999905;223.666666666652;672.241666666661;197.916666666667;96.187499999982;225
132.512499999999;376.333333333328;383.012499999991;235;107.670833333332;495.833333333301
117.8375;195.458333333333;326.645833333333;468.874999999948;27.6916666666666;281.3375
58.95;346;324.916666666664;464.333333333291;61.0249999999825;316.354166666658
80.25;213;525.083333333333;362.791666666667;40.725;5.41666666666435
83.55;231.833333333329;403.6;218;48.6312499999991;75
69.55;239.291666666663;403;298;87.06875;473.8
79.2;192.708333333329;119;36;60.35;146
15.15;112.166666666667;116.283333333328;315.37499999999;37.65;89
9;22;0;650.625;41;18
22.25;91;13.3999999999998;266;31.1708333333332;0
65.7166666666645;262.124999999997;274.416666666637;299;128.529166666666;169.5
117.697916666666;318.833333333325;0;382.999999999861;89.264583333332;128.2
91.3354166666665;375.5833333333;164.549999999993;1253.24999999991;126.735416666666;94.8
106.999999999993;378.999999999994;211;810.291666666522;11.15;201.562499999997
163.1;431.666666666652;919.374999999972;429.49999999998;28.4;331.752083333296
128.589583333331;355.791666666667;576.833333333319;38.9583333333333;88.2;14
54.472916666665;254.666666666657;58;279.708333333304;25.75;128
61.6124999999826;209.333333333333;0;354.208333333317;79.360416666663;232.07916666664
93.975;117;151.083333333322;290.083333333333;36.5395833333333;200.070833333327
48.5;122;82.5583333333197;451.499999999986;13.55;29.6125
0.4;8;33.5;1100.58333333332;13.4854166666666;55.1666666666667
33.8124999999997;129.541666666661;79.9541666666663;405.749999999884;49.0979166666648;2
50.3875;132.458333333333;284.3;400.166666666667;61.3666666666665;54.366666666666
96.9;226.666666666657;222.624999999955;991;86.6;10.2
210.062499999998;405.833333333319;193;885.666666666574;143.587499999995;0
150.091666666652;239.541666666647;9.98333333332731;529.666666666648;90.1125;544.233333333327
144.974999999989;437.08333333333;502.793749999999;424.666666666667;28.8666666666644;0
157.170833333333;245.875;0;199.791666666654;70.3333333333335;67
101.77083333333;176.249999999993;28.95;130.208333333333;129.95;540.833333333327
57.0291666666667;164.75;193.166666666644;470;57.85;366
170.1125;114.416666666664;387;165;32.7708333333305;88.0333333333333
18.9875;99.5833333333333;123.15;106;18.7791666666667;25
4.7;27;13;528.29166666664;65.991666666661;0
166.4375;79.1249999999965;35;431.708333333333;86.9083333333335;0
223.6;117.749999999976;185.58333333333;442;23.75;8
32;318.125;155;421.91666666665;160.391666666667;78
161;268.124999999997;121.333333333287;510.083333333333;73.6083333333335;88.3020833333333
96;460.458333333308;110.5;628;38.15;0
268.658333333325;436.791666666601;11.1;270.333333333287;3.8;118.837499999991
8.5;387.625;107.833333333218;574.666666666667;37.95;11.3124999999996
80.5;184;10.7;320;77.4;58
92;163.666666666657;138.333333333333;454;102.9;302.664583333333
264.166666666664;78.3333333333333;520.541666666605;613.958333333297;24.95;139.262499999997
149.29166666666;93;138;576.79166666659;79.65;68
0;91.1249999999965;0;714.624999999962;54.95;50.9
153.8;64.7083333333287;461.66666666663;360.625;62.987499999995;0
565.208333333307;138.124999999992;326;87;55.8979166666665;92
266.583333333308;299.041666666667;127.579166666665;311;74.55625;6.8
31.4375;249.499999999986;161;650.749999999924;54.4583333333335;0
199.166666666667;438.041666666661;208.874999999948;483.25;9.75;103.679166666667
149.416666666659;443.874999999998;163;948.95833333327;22;34.3
265.104166666618;310.583333333333;100;604.041666666667;0.3;41.7
0;164;669.316666666667;236.791666666626;62.5958333333325;20
429.0625;172.416666666664;83.875;599.208333333333;63.27499999999;174.866666666667
130;144.70833333333;66;568;66.5291666666665;225
18;73.875;21;815.791666666571;0;35.9520833333295
10;5;105;614.208333333333;7.7;34.0208333333315
232.624999999991;65.7083333333322;52;390;138.681249999998;0
111.7;129.916666666649;19.7;69.2499999999653;49.9395833333235;41.1166666666477
255.624999999995;290.499999999997;405;265.958333333291;448.1;115.462499999998
267.374999999956;402.708333333329;403.375;690.708333333206;170.125;60.8333333333287
267;314.124999999992;0;1025.95833333331;0;49.2374999999976
119.031249999997;286.083333333314;40;377.125;431.291666666667;0
106;576.791666666662;0;97.4999999999583;0;162
41;305.541666666628;138.5;431.5;245.333333333333;559.416666666653
70;154.625;0;0;83.4416666666664;139.333333333333
188.679166666657;124;117.8;0;0;238.041666666667
44.9583333332674;96;72.2;0;166;318
83;93.8333333333287;136.999999999999;284.499999999986;39.2;12.3
51.5833333333333;87.1666666666667;94;56.5;46.241666666647;0
177.166666666663;202.083333333322;96;200;270.958333333333;22
0;204.166666666632;440.074999999992;490;0;122
201;456.75;0;659;0;266.291666666609
87.875;471.583333333252;47.3;928.791666666626;154.1;419.366666666652
180.833333333329;465.416666666667;109;393.208333333333;25.7;34
68.4583333332836;279.083333333322;35.5624999999997;620;157.5;377.562499999967
225.825;293.916666666667;232.529166666664;257.499999999958;198.674999999995;46
517.541666666661;240.833333333329;692.416666666667;550.5;195.725;184.933333333333
31;167.874999999999;196.916666666589;179;223.166666666657;304.208333333333
117.2125;73.6666666666563;56;194;2.33333333333333;166
295.166666666667;68.625;24;504;0;82.7291666666617
10.9;5;19;558;0;0
298.916666666667;77.8749999999757;97;480.583333333252;290.2;115.833333333329
273.429166666611;253.666666666633;0;447.958333333272;77.45;131.658333333309
94.1;514.666666666652;203.166666666664;1349.45833333333;452.666666666627;96.9583333333252
206.791666666654;392.04166666666;104.583333333333;613.958333333297;416.9;99
267.7;386.708333333325;212;382.374999999954;93.6;0
83.2916666666667;501.041666666667;14.3999999999944;153.666666666667;189.391666666632;72.2916666666667
375.416666666633;246;270.99166666664;278;121;62
279.124999999969;281.716666666667;234;52;255.041666666647;87.8
369;49;221.91666666665;608;733.554166666628;0
